{
    "object": {
      "6": "7P\/Pons-Winnecke",
      "13": "21P\/Giacobini-Zinner",
      "20": "46P\/Wirtanen"
    },
    "epoch_tdb": {
      "6": 56981,
      "13": 56498,
      "20": 56799
    },
    "tp_tdb": {
      "6": 2457053.0279999999,
      "13": 2455969.1260000002,
      "20": 2456482.8689999999
    },
    "e": {
      "6": 0.6375275046,
      "13": 0.7068178874,
      "20": 0.6592025614
    },
    "i_deg": {
      "6": 22.33501476,
      "13": 31.90810099,
      "20": 11.75713931
    },
    "w_deg": {
      "6": 172.5061606,
      "13": 172.5844249,
      "20": 356.3402053
    },
    "node_deg": {
      "6": 93.41632728,
      "13": 195.3970145,
      "20": 82.16439077
    },
    "q_au_1": {
      "6": 1.239214834,
      "13": 1.030696274,
      "20": 1.052262085
    },
    "q_au_2": {
      "6": 5.6,
      "13": 6.0,
      "20": 5.12
    },
    "p_yr": {
      "6": 6.32,
      "13": 6.59,
      "20": 5.43
    },
    "moid_au": {
      "6": 0.224191,
      "13": 0.035395,
      "20": 0.068212
    },
    "a1_au_d_2": {
      "6": 0.0000000001,
      "13": 0.0000000034,
      "20": 0.0000000028
    },
    "a2_au_d_2": {
      "6": -0.0,
      "13": -0.0000000004,
      "20": -0.0000000014
    },
    "a3_au_d_2": {
      "6": -0.0000000002,
      "13": -0.000000001,
      "20": 0.0000000007
    },
    "dt_d": {
      "6": 131.0,
      "13": -32.8,
      "20": -3.73
    },
    "ref": {
      "6": "K088\/14",
      "13": "K123\/6",
      "20": "K073\/17"
    },
    "object_name": {
      "6": "7P\/Pons-Winnecke",
      "13": "21P\/Giacobini-Zinner",
      "20": "46P\/Wirtanen"
    }
  }